"dateTime","dataTraffic"
"2020-02-25T12:11:00.360Z","345.0"
"2020-02-25T12:11:00.360Z","318.0"
"2020-02-25T12:11:00.400Z","360.0"
"2020-02-25T12:11:03.340Z","174.0"
"2020-02-25T12:11:05.340Z","1187.0"
"2020-02-25T12:11:05.830Z","176.0"
"2020-02-25T12:11:05.830Z","176.0"
"2020-02-25T12:11:05.840Z","307.0"
"2020-02-25T12:11:05.850Z","154.0"
"2020-02-25T12:11:05.850Z","154.0"
"2020-02-25T12:11:05.850Z","234.0"
"2020-02-25T12:11:05.850Z","234.0"
"2020-02-25T12:11:05.850Z","231.0"
"2020-02-25T12:11:05.860Z","154.0"
"2020-02-25T12:11:05.860Z","154.0"
"2020-02-25T12:11:05.870Z","152.0"
"2020-02-25T12:11:05.870Z","152.0"
"2020-02-25T12:11:05.890Z","156.0"
"2020-02-25T12:11:05.890Z","156.0"
"2020-02-25T12:11:05.890Z","160.0"
"2020-02-25T12:11:05.890Z","160.0"
"2020-02-25T12:11:05.890Z","230.0"
"2020-02-25T12:11:05.890Z","872.0"
"2020-02-25T12:11:05.900Z","458.0"
"2020-02-25T12:11:05.920Z","154.0"
"2020-02-25T12:11:05.920Z","154.0"
"2020-02-25T12:11:05.920Z","154.0"
"2020-02-25T12:11:05.920Z","154.0"
"2020-02-25T12:11:05.920Z","186.0"
"2020-02-25T12:11:05.920Z","154.0"
"2020-02-25T12:11:05.920Z","154.0"
"2020-02-25T12:11:05.930Z","154.0"
"2020-02-25T12:11:05.930Z","154.0"
"2020-02-25T12:11:05.930Z","1544.0"
"2020-02-25T12:11:05.930Z","1899.0"
"2020-02-25T12:11:05.950Z","1899.0"
"2020-02-25T12:11:05.950Z","1899.0"
"2020-02-25T12:11:05.980Z","213.0"
"2020-02-25T12:11:06.20Z","124.0"
"2020-02-25T12:11:06.20Z","124.0"
"2020-02-25T12:11:06.30Z","224.0"
"2020-02-25T12:11:06.40Z","228.0"
"2020-02-25T12:11:06.70Z","152.0"
"2020-02-25T12:11:06.70Z","152.0"
"2020-02-25T12:11:06.80Z","1406.0"
"2020-02-25T12:11:06.90Z","152.0"
"2020-02-25T12:11:06.90Z","220.0"
"2020-02-25T12:11:06.90Z","152.0"
"2020-02-25T12:11:06.90Z","214.0"
"2020-02-25T12:11:06.100Z","602.0"
"2020-02-25T12:11:06.100Z","2074.0"
"2020-02-25T12:11:06.100Z","158.0"
"2020-02-25T12:11:06.100Z","158.0"
"2020-02-25T12:11:06.110Z","156.0"
"2020-02-25T12:11:06.110Z","156.0"
"2020-02-25T12:11:06.110Z","618.0"
"2020-02-25T12:11:06.110Z","156.0"
"2020-02-25T12:11:06.110Z","156.0"
"2020-02-25T12:11:06.110Z","176.0"
"2020-02-25T12:11:06.110Z","176.0"
"2020-02-25T12:11:06.120Z","154.0"
"2020-02-25T12:11:06.120Z","154.0"
"2020-02-25T12:11:06.120Z","154.0"
"2020-02-25T12:11:06.120Z","154.0"
"2020-02-25T12:11:06.120Z","207.0"
"2020-02-25T12:11:06.130Z","152.0"
"2020-02-25T12:11:06.130Z","213.0"
"2020-02-25T12:11:06.140Z","156.0"
"2020-02-25T12:11:06.140Z","156.0"
"2020-02-25T12:11:06.160Z","152.0"
"2020-02-25T12:11:06.160Z","152.0"
"2020-02-25T12:11:06.160Z","160.0"
"2020-02-25T12:11:06.160Z","160.0"
"2020-02-25T12:11:06.180Z","307.0"
"2020-02-25T12:11:06.200Z","224.0"
"2020-02-25T12:11:06.200Z","586.0"
"2020-02-25T12:11:06.320Z","126.0"
"2020-02-25T12:11:06.330Z","776.0"
"2020-02-25T12:11:06.460Z","1569.0"
"2020-02-25T12:11:06.510Z","738.0"
"2020-02-25T12:11:06.530Z","195.0"
"2020-02-25T12:11:06.540Z","298.0"
"2020-02-25T12:11:06.560Z","39254.0"
"2020-02-25T12:11:06.590Z","303.0"
"2020-02-25T12:11:06.610Z","778.0"
"2020-02-25T12:11:06.690Z","150.0"
"2020-02-25T12:11:06.690Z","134.0"
"2020-02-25T12:11:06.690Z","122.0"
"2020-02-25T12:11:06.690Z","126.0"
"2020-02-25T12:11:06.690Z","134.0"
"2020-02-25T12:11:06.690Z","240.0"
"2020-02-25T12:11:06.690Z","1119.0"
"2020-02-25T12:11:06.700Z","122.0"
"2020-02-25T12:11:06.700Z","222.0"
"2020-02-25T12:11:06.700Z","16427.0"
"2020-02-25T12:11:06.720Z","626.0"
"2020-02-25T12:11:06.730Z","186.0"
"2020-02-25T12:11:06.740Z","124.0"
"2020-02-25T12:11:06.750Z","1603.0"
"2020-02-25T12:11:06.760Z","114.0"
"2020-02-25T12:11:06.760Z","120.0"
"2020-02-25T12:11:06.760Z","156.0"
"2020-02-25T12:11:06.760Z","156.0"
"2020-02-25T12:11:06.760Z","156.0"
"2020-02-25T12:11:06.760Z","156.0"
"2020-02-25T12:11:06.760Z","2501.0"
"2020-02-25T12:11:06.770Z","585.0"
"2020-02-25T12:11:06.770Z","183.0"
"2020-02-25T12:11:06.780Z","120.0"
"2020-02-25T12:11:06.780Z","1044.0"
"2020-02-25T12:11:06.780Z","11642.0"
"2020-02-25T12:11:06.780Z","30076.0"
"2020-02-25T12:11:06.790Z","148.0"
"2020-02-25T12:11:06.790Z","3876.0"
"2020-02-25T12:11:06.790Z","1453.0"
"2020-02-25T12:11:06.790Z","1475.0"
"2020-02-25T12:11:06.790Z","1482.0"
"2020-02-25T12:11:06.790Z","1515.0"
"2020-02-25T12:11:06.790Z","2484.0"
"2020-02-25T12:11:06.790Z","16178.0"
"2020-02-25T12:11:06.790Z","32618.0"
"2020-02-25T12:11:06.790Z","24542.0"
"2020-02-25T12:11:06.800Z","585.0"
"2020-02-25T12:11:06.800Z","186.0"
"2020-02-25T12:11:06.800Z","156.0"
"2020-02-25T12:11:06.800Z","136.0"
"2020-02-25T12:11:06.820Z","24098.0"
"2020-02-25T12:11:06.840Z","120.0"
"2020-02-25T12:11:06.840Z","3554.0"
"2020-02-25T12:11:06.840Z","5181.0"
"2020-02-25T12:11:06.850Z","625.0"
"2020-02-25T12:11:06.850Z","638.0"
"2020-02-25T12:11:06.860Z","189.0"
"2020-02-25T12:11:06.860Z","779.0"
"2020-02-25T12:11:06.860Z","1473.0"
"2020-02-25T12:11:06.870Z","122.0"
"2020-02-25T12:11:06.890Z","626.0"
"2020-02-25T12:11:06.890Z","585.0"
"2020-02-25T12:11:06.890Z","261.0"
"2020-02-25T12:11:06.890Z","1750.0"
"2020-02-25T12:11:06.900Z","180.0"
"2020-02-25T12:11:06.920Z","216.0"
"2020-02-25T12:11:06.920Z","7641.0"
"2020-02-25T12:11:06.930Z","207.0"
"2020-02-25T12:11:06.930Z","156.0"
"2020-02-25T12:11:06.930Z","470.0"
"2020-02-25T12:11:06.930Z","791.0"
"2020-02-25T12:11:06.930Z","791.0"
"2020-02-25T12:11:06.930Z","224.0"
"2020-02-25T12:11:06.930Z","224.0"
"2020-02-25T12:11:06.930Z","224.0"
"2020-02-25T12:11:06.930Z","224.0"
"2020-02-25T12:11:06.930Z","744.0"
"2020-02-25T12:11:06.960Z","186.0"
"2020-02-25T12:11:06.960Z","198.0"
"2020-02-25T12:11:06.960Z","1272.0"
"2020-02-25T12:11:06.960Z","1193.0"
"2020-02-25T12:11:06.960Z","1523.0"
"2020-02-25T12:11:06.980Z","580.0"
"2020-02-25T12:11:06.990Z","738.0"
"2020-02-25T12:11:06.990Z","883.0"
"2020-02-25T12:11:06.990Z","778.0"
"2020-02-25T12:11:06.990Z","738.0"
"2020-02-25T12:11:06.990Z","1212.0"
"2020-02-25T12:11:07.0Z","1441.0"
"2020-02-25T12:11:07.0Z","11436.0"
"2020-02-25T12:11:07.10Z","1167.0"
"2020-02-25T12:11:07.10Z","1189.0"
"2020-02-25T12:11:07.20Z","710.0"
"2020-02-25T12:11:07.50Z","1578.0"
"2020-02-25T12:11:07.100Z","466.0"
"2020-02-25T12:11:07.110Z","213.0"
"2020-02-25T12:11:07.140Z","177.0"
"2020-02-25T12:11:07.150Z","906.0"
"2020-02-25T12:11:07.160Z","162.0"
"2020-02-25T12:11:07.160Z","947.0"
"2020-02-25T12:11:07.170Z","186.0"
"2020-02-25T12:11:07.230Z","260.0"
"2020-02-25T12:11:07.230Z","936.0"
"2020-02-25T12:11:07.240Z","128.0"
"2020-02-25T12:11:07.250Z","130.0"
"2020-02-25T12:11:07.250Z","577.0"
"2020-02-25T12:11:07.250Z","537.0"
"2020-02-25T12:11:07.250Z","1130.0"
"2020-02-25T12:11:07.250Z","1130.0"
"2020-02-25T12:11:07.250Z","1130.0"
"2020-02-25T12:11:07.260Z","541.0"
"2020-02-25T12:11:07.270Z","303.0"
"2020-02-25T12:11:07.270Z","536.0"
"2020-02-25T12:11:07.270Z","524.0"
"2020-02-25T12:11:07.270Z","484.0"
"2020-02-25T12:11:07.280Z","204.0"
"2020-02-25T12:11:07.280Z","231.0"
"2020-02-25T12:11:07.280Z","541.0"
"2020-02-25T12:11:07.280Z","541.0"
"2020-02-25T12:11:07.280Z","564.0"
"2020-02-25T12:11:07.280Z","484.0"
"2020-02-25T12:11:07.280Z","524.0"
"2020-02-25T12:11:07.280Z","524.0"
"2020-02-25T12:11:07.290Z","501.0"
"2020-02-25T12:11:07.290Z","541.0"
"2020-02-25T12:11:07.300Z","576.0"
"2020-02-25T12:11:07.300Z","524.0"
"2020-02-25T12:11:07.300Z","524.0"
"2020-02-25T12:11:07.310Z","1130.0"
"2020-02-25T12:11:07.320Z","1170.0"
"2020-02-25T12:11:07.340Z","1167.0"
"2020-02-25T12:11:07.340Z","1130.0"
"2020-02-25T12:11:07.350Z","146.0"
"2020-02-25T12:11:07.350Z","1130.0"
"2020-02-25T12:11:07.360Z","126.0"
"2020-02-25T12:11:07.360Z","306.0"
"2020-02-25T12:11:07.370Z","850.0"
"2020-02-25T12:11:07.370Z","850.0"
"2020-02-25T12:11:07.370Z","900.0"
"2020-02-25T12:11:07.390Z","621.0"
"2020-02-25T12:11:07.390Z","606.0"
"2020-02-25T12:11:07.390Z","554.0"
"2020-02-25T12:11:07.400Z","554.0"
"2020-02-25T12:11:07.410Z","554.0"
"2020-02-25T12:11:07.410Z","594.0"
"2020-02-25T12:11:07.420Z","554.0"
"2020-02-25T12:11:07.440Z","554.0"
"2020-02-25T12:11:07.450Z","132.0"
"2020-02-25T12:11:07.450Z","264.0"
"2020-02-25T12:11:07.450Z","597.0"
"2020-02-25T12:11:07.460Z","597.0"
"2020-02-25T12:11:07.470Z","148.0"
"2020-02-25T12:11:07.470Z","554.0"
"2020-02-25T12:11:07.480Z","553.0"
"2020-02-25T12:11:07.480Z","553.0"
"2020-02-25T12:11:07.480Z","553.0"
"2020-02-25T12:11:07.480Z","553.0"
"2020-02-25T12:11:07.510Z","559.0"
"2020-02-25T12:11:07.550Z","519.0"
"2020-02-25T12:11:07.550Z","519.0"
"2020-02-25T12:11:07.550Z","559.0"
"2020-02-25T12:11:07.560Z","559.0"
"2020-02-25T12:11:07.560Z","559.0"
"2020-02-25T12:11:07.570Z","559.0"
"2020-02-25T12:11:07.580Z","559.0"
"2020-02-25T12:11:07.580Z","559.0"
"2020-02-25T12:11:07.610Z","118.0"
"2020-02-25T12:11:07.630Z","144.0"
"2020-02-25T12:11:07.630Z","582.0"
"2020-02-25T12:11:07.630Z","559.0"
"2020-02-25T12:11:07.660Z","134.0"
"2020-02-25T12:11:07.670Z","134.0"
"2020-02-25T12:11:07.690Z","547.0"
"2020-02-25T12:11:07.690Z","509.0"
"2020-02-25T12:11:07.700Z","547.0"
"2020-02-25T12:11:07.700Z","547.0"
"2020-02-25T12:11:07.700Z","547.0"
"2020-02-25T12:11:07.730Z","126.0"
"2020-02-25T12:11:07.730Z","198.0"
"2020-02-25T12:11:07.730Z","547.0"
"2020-02-25T12:11:07.730Z","545.0"
"2020-02-25T12:11:07.730Z","547.0"
"2020-02-25T12:11:07.730Z","547.0"
"2020-02-25T12:11:07.810Z","20246.0"
"2020-02-25T12:11:07.810Z","661.0"
"2020-02-25T12:11:07.940Z","150.0"
"2020-02-25T12:11:07.940Z","198.0"
"2020-02-25T12:11:07.950Z","10365.0"
"2020-02-25T12:11:07.950Z","780.0"
"2020-02-25T12:11:07.980Z","124.0"
"2020-02-25T12:11:08.0Z","312.0"
"2020-02-25T12:11:08.20Z","975.0"
"2020-02-25T12:11:08.70Z","521.0"
"2020-02-25T12:11:08.110Z","120.0"
"2020-02-25T12:11:08.110Z","183.0"
"2020-02-25T12:11:08.110Z","120.0"
"2020-02-25T12:11:08.110Z","122.0"
"2020-02-25T12:11:08.110Z","136.0"
"2020-02-25T12:11:08.110Z","522.0"
"2020-02-25T12:11:08.110Z","220.0"
"2020-02-25T12:11:08.120Z","6664.0"
"2020-02-25T12:11:08.120Z","122.0"
"2020-02-25T12:11:08.120Z","120.0"
"2020-02-25T12:11:08.120Z","160.0"
"2020-02-25T12:11:08.150Z","306.0"
"2020-02-25T12:11:08.160Z","557.0"
"2020-02-25T12:11:08.170Z","136.0"
"2020-02-25T12:11:08.170Z","462.0"
"2020-02-25T12:11:08.180Z","306.0"
"2020-02-25T12:11:08.190Z","264.0"
"2020-02-25T12:11:08.310Z","619.0"
"2020-02-25T12:11:08.400Z","921.0"
"2020-02-25T12:11:08.460Z","231.0"
"2020-02-25T12:11:08.620Z","104998.0"
"2020-02-25T12:11:08.630Z","154.0"
"2020-02-25T12:11:08.630Z","154.0"
"2020-02-25T12:11:08.670Z","136.0"
"2020-02-25T12:11:08.670Z","13125.0"
"2020-02-25T12:11:08.680Z","1791.0"
"2020-02-25T12:11:08.690Z","273.0"
"2020-02-25T12:11:08.690Z","986.0"
"2020-02-25T12:11:08.750Z","2901.0"
"2020-02-25T12:11:08.810Z","183.0"
"2020-02-25T12:11:08.860Z","299.0"
"2020-02-25T12:11:08.860Z","4307.0"
"2020-02-25T12:11:08.890Z","660.0"
"2020-02-25T12:11:08.930Z","152.0"
"2020-02-25T12:11:08.930Z","152.0"
"2020-02-25T12:11:08.990Z","183.0"
"2020-02-25T12:11:08.990Z","1123.0"
"2020-02-25T12:11:09.30Z","598.0"
"2020-02-25T12:11:09.50Z","299.0"
"2020-02-25T12:11:09.70Z","204.0"
"2020-02-25T12:11:09.70Z","538.0"
"2020-02-25T12:11:09.110Z","1265.0"
"2020-02-25T12:11:09.140Z","274.0"
"2020-02-25T12:11:09.190Z","304.0"
"2020-02-25T12:11:09.210Z","4107.0"
"2020-02-25T12:11:09.210Z","212.0"
"2020-02-25T12:11:09.210Z","214.0"
"2020-02-25T12:11:09.230Z","536.0"
"2020-02-25T12:11:09.250Z","142.0"
"2020-02-25T12:11:09.260Z","4859.0"
"2020-02-25T12:11:09.270Z","309.0"
"2020-02-25T12:11:09.270Z","3101.0"
"2020-02-25T12:11:09.610Z","662.0"
"2020-02-25T12:11:09.720Z","546.0"
"2020-02-25T12:11:09.750Z","124.0"
"2020-02-25T12:11:09.760Z","300.0"
"2020-02-25T12:11:09.760Z","1599.0"
"2020-02-25T12:11:09.920Z","682.0"
"2020-02-25T12:11:09.950Z","1249.0"
"2020-02-25T12:11:10.10Z","1444.0"
"2020-02-25T12:11:10.100Z","116.0"
"2020-02-25T12:11:10.340Z","582.0"
"2020-02-25T12:11:10.450Z","1395.0"
"2020-02-25T12:11:10.740Z","146.0"
"2020-02-25T12:11:10.740Z","5412.0"
"2020-02-25T12:11:10.910Z","144.0"
"2020-02-25T12:11:10.920Z","4828.0"
"2020-02-25T12:11:11.120Z","132.0"
"2020-02-25T12:11:11.120Z","130.0"
"2020-02-25T12:11:11.120Z","122.0"
"2020-02-25T12:11:11.120Z","122.0"
"2020-02-25T12:11:11.120Z","122.0"
"2020-02-25T12:11:11.120Z","122.0"
"2020-02-25T12:11:11.120Z","14324.0"
"2020-02-25T12:11:11.120Z","1592.0"
"2020-02-25T12:11:11.130Z","586.0"
"2020-02-25T12:11:11.130Z","441.0"
"2020-02-25T12:11:11.130Z","586.0"
"2020-02-25T12:11:11.130Z","586.0"
"2020-02-25T12:11:11.130Z","122.0"
"2020-02-25T12:11:11.130Z","183.0"
"2020-02-25T12:11:11.140Z","586.0"
"2020-02-25T12:11:11.140Z","152.0"
"2020-02-25T12:11:11.140Z","586.0"
"2020-02-25T12:11:11.150Z","586.0"
"2020-02-25T12:11:11.150Z","27706.0"
"2020-02-25T12:11:11.190Z","940.0"
"2020-02-25T12:11:11.190Z","13672.0"
"2020-02-25T12:11:11.200Z","972.0"
"2020-02-25T12:11:11.300Z","120.0"
"2020-02-25T12:11:11.300Z","584.0"
"2020-02-25T12:11:11.300Z","120.0"
"2020-02-25T12:11:11.310Z","585.0"
"2020-02-25T12:11:11.320Z","586.0"
"2020-02-25T12:11:11.320Z","120.0"
"2020-02-25T12:11:11.320Z","120.0"
"2020-02-25T12:11:11.320Z","288.0"
"2020-02-25T12:11:11.330Z","585.0"
"2020-02-25T12:11:11.360Z","4984.0"
"2020-02-25T12:11:11.370Z","120.0"
"2020-02-25T12:11:11.380Z","585.0"
"2020-02-25T12:11:11.420Z","144.0"
"2020-02-25T12:11:11.420Z","144.0"
"2020-02-25T12:11:11.570Z","585.0"
"2020-02-25T12:11:11.930Z","120.0"
"2020-02-25T12:11:11.930Z","120.0"
"2020-02-25T12:11:11.930Z","120.0"
"2020-02-25T12:11:11.940Z","585.0"
"2020-02-25T12:11:11.940Z","120.0"
"2020-02-25T12:11:11.940Z","585.0"
"2020-02-25T12:11:11.940Z","120.0"
"2020-02-25T12:11:11.950Z","585.0"
"2020-02-25T12:11:11.950Z","585.0"
"2020-02-25T12:11:11.980Z","585.0"
"2020-02-25T12:11:12.50Z","120.0"
"2020-02-25T12:11:12.50Z","312.0"
"2020-02-25T12:11:12.60Z","585.0"
"2020-02-25T12:11:12.70Z","122.0"
"2020-02-25T12:11:12.70Z","586.0"
"2020-02-25T12:11:12.90Z","120.0"
"2020-02-25T12:11:12.100Z","585.0"
"2020-02-25T12:11:12.150Z","120.0"
"2020-02-25T12:11:12.160Z","585.0"
"2020-02-25T12:11:12.160Z","120.0"
"2020-02-25T12:11:12.170Z","585.0"
"2020-02-25T12:11:12.180Z","276.0"
"2020-02-25T12:11:12.190Z","120.0"
"2020-02-25T12:11:12.190Z","585.0"
"2020-02-25T12:11:12.200Z","120.0"
"2020-02-25T12:11:12.200Z","584.0"
"2020-02-25T12:11:12.270Z","120.0"
"2020-02-25T12:11:12.280Z","585.0"
"2020-02-25T12:11:12.280Z","120.0"
"2020-02-25T12:11:12.280Z","585.0"
"2020-02-25T12:11:12.300Z","312.0"
"2020-02-25T12:11:12.320Z","180.0"
"2020-02-25T12:11:12.330Z","585.0"
"2020-02-25T12:11:12.390Z","120.0"
"2020-02-25T12:11:12.390Z","585.0"
"2020-02-25T12:11:12.410Z","120.0"
"2020-02-25T12:11:12.410Z","585.0"
"2020-02-25T12:11:12.430Z","120.0"
"2020-02-25T12:11:12.450Z","585.0"
"2020-02-25T12:11:12.470Z","122.0"
"2020-02-25T12:11:12.470Z","586.0"
"2020-02-25T12:11:12.490Z","120.0"
"2020-02-25T12:11:12.500Z","585.0"
"2020-02-25T12:11:12.510Z","120.0"
"2020-02-25T12:11:12.510Z","585.0"
"2020-02-25T12:11:12.580Z","120.0"
"2020-02-25T12:11:12.580Z","178.0"
"2020-02-25T12:11:12.590Z","584.0"
"2020-02-25T12:11:12.590Z","585.0"
"2020-02-25T12:11:12.690Z","120.0"
"2020-02-25T12:11:12.700Z","585.0"
"2020-02-25T12:11:12.720Z","224.0"
"2020-02-25T12:11:12.760Z","120.0"
"2020-02-25T12:11:12.760Z","585.0"
"2020-02-25T12:11:12.830Z","120.0"
"2020-02-25T12:11:12.830Z","584.0"
"2020-02-25T12:11:12.940Z","224.0"
"2020-02-25T12:11:13.10Z","122.0"
"2020-02-25T12:11:13.10Z","586.0"
"2020-02-25T12:11:13.30Z","122.0"
"2020-02-25T12:11:13.50Z","586.0"
"2020-02-25T12:11:13.50Z","122.0"
"2020-02-25T12:11:13.60Z","586.0"
"2020-02-25T12:11:13.260Z","224.0"
"2020-02-25T12:11:13.360Z","10708.0"
"2020-02-25T12:11:13.390Z","120.0"
"2020-02-25T12:11:13.390Z","585.0"
"2020-02-25T12:11:13.500Z","122.0"
"2020-02-25T12:11:13.510Z","584.0"
"2020-02-25T12:11:13.520Z","122.0"
"2020-02-25T12:11:13.520Z","585.0"
"2020-02-25T12:11:13.620Z","122.0"
"2020-02-25T12:11:13.620Z","586.0"
"2020-02-25T12:11:13.850Z","120.0"
"2020-02-25T12:11:13.860Z","585.0"
"2020-02-25T12:11:13.940Z","122.0"
"2020-02-25T12:11:13.940Z","122.0"
"2020-02-25T12:11:13.940Z","586.0"
"2020-02-25T12:11:13.950Z","586.0"
"2020-02-25T12:11:14.70Z","122.0"
"2020-02-25T12:11:14.80Z","586.0"
"2020-02-25T12:11:14.280Z","122.0"
"2020-02-25T12:11:14.290Z","586.0"
"2020-02-25T12:11:14.350Z","2343.0"
"2020-02-25T12:11:14.380Z","122.0"
"2020-02-25T12:11:14.380Z","120.0"
"2020-02-25T12:11:14.390Z","586.0"
"2020-02-25T12:11:14.390Z","585.0"
"2020-02-25T12:11:14.500Z","122.0"
"2020-02-25T12:11:14.510Z","586.0"
"2020-02-25T12:11:14.710Z","122.0"
"2020-02-25T12:11:14.710Z","586.0"
"2020-02-25T12:11:14.740Z","216.0"
"2020-02-25T12:11:14.810Z","585.0"
"2020-02-25T12:11:14.810Z","122.0"
"2020-02-25T12:11:14.820Z","310.0"
"2020-02-25T12:11:14.830Z","586.0"
"2020-02-25T12:11:14.830Z","6618.0"
"2020-02-25T12:11:14.870Z","1636.0"
"2020-02-25T12:11:14.890Z","624.0"
"2020-02-25T12:11:14.940Z","122.0"
"2020-02-25T12:11:14.950Z","586.0"
"2020-02-25T12:11:14.970Z","224.0"
"2020-02-25T12:11:14.970Z","546.0"
"2020-02-25T12:11:15.130Z","1811.0"
"2020-02-25T12:11:15.190Z","122.0"
"2020-02-25T12:11:15.200Z","586.0"
"2020-02-25T12:11:15.230Z","586.0"
"2020-02-25T12:11:15.230Z","274.0"
"2020-02-25T12:11:15.260Z","122.0"
"2020-02-25T12:11:15.260Z","585.0"
"2020-02-25T12:11:15.310Z","122.0"
"2020-02-25T12:11:15.320Z","586.0"
"2020-02-25T12:11:15.350Z","1993.0"
"2020-02-25T12:11:15.350Z","1993.0"
"2020-02-25T12:11:15.380Z","122.0"
"2020-02-25T12:11:15.380Z","586.0"
"2020-02-25T12:11:15.630Z","122.0"
"2020-02-25T12:11:15.630Z","1345.0"
"2020-02-25T12:11:15.640Z","586.0"
"2020-02-25T12:11:15.650Z","122.0"
"2020-02-25T12:11:15.660Z","586.0"
"2020-02-25T12:11:15.670Z","1161.0"
"2020-02-25T12:11:15.690Z","120.0"
"2020-02-25T12:11:15.690Z","585.0"
"2020-02-25T12:11:15.740Z","120.0"
"2020-02-25T12:11:15.750Z","585.0"
"2020-02-25T12:11:15.810Z","120.0"
"2020-02-25T12:11:15.820Z","120.0"
"2020-02-25T12:11:15.820Z","585.0"
"2020-02-25T12:11:15.820Z","583.0"
"2020-02-25T12:11:15.920Z","120.0"
"2020-02-25T12:11:15.920Z","120.0"
"2020-02-25T12:11:15.930Z","585.0"
"2020-02-25T12:11:15.930Z","583.0"
"2020-02-25T12:11:15.940Z","224.0"
"2020-02-25T12:11:15.960Z","1215.0"
"2020-02-25T12:11:15.980Z","1170.0"
"2020-02-25T12:11:15.980Z","120.0"
"2020-02-25T12:11:15.990Z","584.0"
"2020-02-25T12:11:16.60Z","120.0"
"2020-02-25T12:11:16.60Z","585.0"
"2020-02-25T12:11:16.80Z","120.0"
"2020-02-25T12:11:16.80Z","116.0"
"2020-02-25T12:11:16.80Z","585.0"
"2020-02-25T12:11:16.90Z","116.0"
"2020-02-25T12:11:16.90Z","583.0"
"2020-02-25T12:11:16.90Z","582.0"
"2020-02-25T12:11:16.90Z","219.0"
"2020-02-25T12:11:16.130Z","311.0"
"2020-02-25T12:11:16.140Z","6487.0"
"2020-02-25T12:11:16.150Z","116.0"
"2020-02-25T12:11:16.160Z","583.0"
"2020-02-25T12:11:16.170Z","116.0"
"2020-02-25T12:11:16.200Z","583.0"
"2020-02-25T12:11:16.210Z","116.0"
"2020-02-25T12:11:16.220Z","116.0"
"2020-02-25T12:11:16.220Z","583.0"
"2020-02-25T12:11:16.230Z","583.0"
"2020-02-25T12:11:16.270Z","116.0"
"2020-02-25T12:11:16.270Z","583.0"
"2020-02-25T12:11:16.290Z","1415.0"
"2020-02-25T12:11:16.320Z","116.0"
"2020-02-25T12:11:16.330Z","583.0"
"2020-02-25T12:11:16.340Z","144.0"
"2020-02-25T12:11:16.360Z","18722.0"
"2020-02-25T12:11:16.380Z","583.0"
"2020-02-25T12:11:16.390Z","116.0"
"2020-02-25T12:11:16.400Z","583.0"
"2020-02-25T12:11:16.400Z","116.0"
"2020-02-25T12:11:16.410Z","583.0"
"2020-02-25T12:11:16.470Z","116.0"
"2020-02-25T12:11:16.470Z","583.0"
"2020-02-25T12:11:16.480Z","116.0"
"2020-02-25T12:11:16.480Z","583.0"
"2020-02-25T12:11:16.520Z","116.0"
"2020-02-25T12:11:16.530Z","1143.0"
"2020-02-25T12:11:16.530Z","116.0"
"2020-02-25T12:11:16.530Z","583.0"
"2020-02-25T12:11:16.530Z","583.0"
"2020-02-25T12:11:16.560Z","116.0"
"2020-02-25T12:11:16.570Z","583.0"
"2020-02-25T12:11:16.640Z","116.0"
"2020-02-25T12:11:16.640Z","583.0"
"2020-02-25T12:11:16.660Z","116.0"
"2020-02-25T12:11:16.660Z","583.0"
"2020-02-25T12:11:16.680Z","116.0"
"2020-02-25T12:11:16.690Z","583.0"
"2020-02-25T12:11:16.690Z","116.0"
"2020-02-25T12:11:16.700Z","583.0"
"2020-02-25T12:11:16.760Z","116.0"
"2020-02-25T12:11:16.770Z","583.0"
"2020-02-25T12:11:16.790Z","116.0"
"2020-02-25T12:11:16.790Z","582.0"
"2020-02-25T12:11:16.790Z","1646.0"
"2020-02-25T12:11:16.790Z","120.0"
"2020-02-25T12:11:16.800Z","584.0"
"2020-02-25T12:11:16.810Z","120.0"
"2020-02-25T12:11:16.810Z","585.0"
"2020-02-25T12:11:16.820Z","120.0"
"2020-02-25T12:11:16.820Z","585.0"
"2020-02-25T12:11:16.860Z","120.0"
"2020-02-25T12:11:16.860Z","585.0"
"2020-02-25T12:11:16.870Z","120.0"
"2020-02-25T12:11:16.870Z","120.0"
"2020-02-25T12:11:16.870Z","585.0"
"2020-02-25T12:11:16.880Z","585.0"
"2020-02-25T12:11:16.880Z","120.0"
"2020-02-25T12:11:16.890Z","585.0"
"2020-02-25T12:11:16.970Z","122.0"
"2020-02-25T12:11:16.970Z","586.0"
"2020-02-25T12:11:16.990Z","120.0"
"2020-02-25T12:11:17.0Z","585.0"
"2020-02-25T12:11:17.10Z","122.0"
"2020-02-25T12:11:17.10Z","122.0"
"2020-02-25T12:11:17.20Z","586.0"
"2020-02-25T12:11:17.20Z","586.0"
"2020-02-25T12:11:17.60Z","122.0"
"2020-02-25T12:11:17.70Z","586.0"
"2020-02-25T12:11:17.70Z","1155.0"
"2020-02-25T12:11:17.70Z","224.0"
"2020-02-25T12:11:17.80Z","120.0"
"2020-02-25T12:11:17.90Z","585.0"
"2020-02-25T12:11:17.100Z","120.0"
"2020-02-25T12:11:17.100Z","120.0"
"2020-02-25T12:11:17.100Z","585.0"
"2020-02-25T12:11:17.110Z","585.0"
"2020-02-25T12:11:17.130Z","120.0"
"2020-02-25T12:11:17.140Z","585.0"
"2020-02-25T12:11:17.150Z","120.0"
"2020-02-25T12:11:17.150Z","122.0"
"2020-02-25T12:11:17.160Z","584.0"
"2020-02-25T12:11:17.160Z","122.0"
"2020-02-25T12:11:17.160Z","585.0"
"2020-02-25T12:11:17.160Z","586.0"
"2020-02-25T12:11:17.170Z","150.0"
"2020-02-25T12:11:17.180Z","2952.0"
"2020-02-25T12:11:17.190Z","120.0"
"2020-02-25T12:11:17.190Z","585.0"
"2020-02-25T12:11:17.210Z","586.0"
"2020-02-25T12:11:17.210Z","181.0"
"2020-02-25T12:11:17.290Z","1092.0"
"2020-02-25T12:11:17.350Z","1675.0"
"2020-02-25T12:11:17.550Z","116.0"
"2020-02-25T12:11:17.550Z","116.0"
"2020-02-25T12:11:17.550Z","582.0"
"2020-02-25T12:11:17.560Z","583.0"
"2020-02-25T12:11:17.560Z","116.0"
"2020-02-25T12:11:17.560Z","583.0"
"2020-02-25T12:11:17.580Z","116.0"
"2020-02-25T12:11:17.590Z","583.0"
"2020-02-25T12:11:17.600Z","116.0"
"2020-02-25T12:11:17.600Z","380.0"
"2020-02-25T12:11:17.630Z","1610.0"
"2020-02-25T12:11:17.820Z","126.0"
"2020-02-25T12:11:17.830Z","475.0"
"2020-02-25T12:11:17.850Z","942.0"
"2020-02-25T12:11:17.940Z","116.0"
"2020-02-25T12:11:17.940Z","583.0"
"2020-02-25T12:11:17.940Z","116.0"
"2020-02-25T12:11:17.950Z","583.0"
"2020-02-25T12:11:17.970Z","180.0"
"2020-02-25T12:11:17.980Z","1678.0"
"2020-02-25T12:11:18.40Z","120.0"
"2020-02-25T12:11:18.40Z","585.0"
"2020-02-25T12:11:18.60Z","585.0"
"2020-02-25T12:11:18.280Z","120.0"
"2020-02-25T12:11:18.280Z","122.0"
"2020-02-25T12:11:18.280Z","585.0"
"2020-02-25T12:11:18.280Z","586.0"
"2020-02-25T12:11:18.330Z","183.0"
"2020-02-25T12:11:18.340Z","122.0"
"2020-02-25T12:11:18.340Z","586.0"
"2020-02-25T12:11:18.450Z","299.0"
"2020-02-25T12:11:18.460Z","122.0"
"2020-02-25T12:11:18.460Z","180.0"
"2020-02-25T12:11:18.460Z","441.0"
"2020-02-25T12:11:18.470Z","586.0"
"2020-02-25T12:11:18.500Z","586.0"
"2020-02-25T12:11:18.500Z","586.0"
"2020-02-25T12:11:18.500Z","312.0"
"2020-02-25T12:11:18.570Z","315.0"
"2020-02-25T12:11:18.600Z","122.0"
"2020-02-25T12:11:18.600Z","122.0"
"2020-02-25T12:11:18.600Z","312.0"
"2020-02-25T12:11:18.630Z","339.0"
"2020-02-25T12:11:18.630Z","312.0"
"2020-02-25T12:11:18.720Z","312.0"
"2020-02-25T12:11:18.720Z","312.0"
"2020-02-25T12:11:18.820Z","312.0"
"2020-02-25T12:11:18.850Z","122.0"
"2020-02-25T12:11:18.850Z","312.0"
"2020-02-25T12:11:18.850Z","312.0"
"2020-02-25T12:11:18.860Z","586.0"
"2020-02-25T12:11:18.960Z","120.0"
"2020-02-25T12:11:18.970Z","213.0"
"2020-02-25T12:11:18.970Z","312.0"
"2020-02-25T12:11:19.60Z","269.0"
"2020-02-25T12:11:19.70Z","8835.0"
"2020-02-25T12:11:19.110Z","1587.0"
"2020-02-25T12:11:19.110Z","620.0"
"2020-02-25T12:11:19.210Z","586.0"
"2020-02-25T12:11:19.220Z","312.0"
"2020-02-25T12:11:19.930Z","618.0"
"2020-02-25T12:11:20.120Z","270.0"
"2020-02-25T12:11:20.170Z","308.0"
"2020-02-25T12:11:20.180Z","3419.0"
"2020-02-25T12:11:20.910Z","116.0"
"2020-02-25T12:11:20.960Z","204.0"
"2020-02-25T12:11:21.10Z","306.0"
"2020-02-25T12:11:21.10Z","1279.0"
"2020-02-25T12:11:21.780Z","207.0"
"2020-02-25T12:11:21.830Z","307.0"
"2020-02-25T12:11:21.840Z","5662.0"
"2020-02-25T12:11:22.60Z","312.0"
"2020-02-25T12:11:22.320Z","312.0"
"2020-02-25T12:11:22.850Z","204.0"
"2020-02-25T12:11:22.920Z","306.0"
"2020-02-25T12:11:22.930Z","2969.0"
"2020-02-25T12:11:24.80Z","5218.0"
"2020-02-25T12:11:25.110Z","2985.0"
"2020-02-25T12:11:25.430Z","154.0"
"2020-02-25T12:11:25.440Z","102911.0"
"2020-02-25T12:11:25.770Z","225.0"
"2020-02-25T12:11:25.820Z","3322.0"
"2020-02-25T12:11:25.910Z","204.0"
"2020-02-25T12:11:25.960Z","306.0"
"2020-02-25T12:11:25.960Z","7249.0"
"2020-02-25T12:11:26.730Z","7249.0"
"2020-02-25T12:11:28.470Z","122.0"
"2020-02-25T12:11:28.470Z","312.0"
"2020-02-25T12:11:28.580Z","116.0"
"2020-02-25T12:11:28.580Z","583.0"
"2020-02-25T12:11:28.610Z","116.0"
"2020-02-25T12:11:28.610Z","116.0"
"2020-02-25T12:11:28.610Z","583.0"
"2020-02-25T12:11:28.610Z","583.0"
"2020-02-25T12:11:28.680Z","116.0"
"2020-02-25T12:11:28.680Z","583.0"
"2020-02-25T12:11:28.720Z","582.0"
"2020-02-25T12:11:28.720Z","312.0"
"2020-02-25T12:11:28.770Z","116.0"
"2020-02-25T12:11:28.770Z","583.0"
"2020-02-25T12:11:28.790Z","116.0"
"2020-02-25T12:11:28.800Z","583.0"
"2020-02-25T12:11:28.830Z","114.0"
"2020-02-25T12:11:28.830Z","582.0"
"2020-02-25T12:11:28.900Z","116.0"
"2020-02-25T12:11:28.900Z","114.0"
"2020-02-25T12:11:28.900Z","583.0"
"2020-02-25T12:11:28.900Z","582.0"
"2020-02-25T12:11:28.930Z","120.0"
"2020-02-25T12:11:28.940Z","585.0"
"2020-02-25T12:11:28.970Z","120.0"
"2020-02-25T12:11:28.970Z","585.0"
"2020-02-25T12:11:29.10Z","120.0"
"2020-02-25T12:11:29.20Z","584.0"
"2020-02-25T12:11:29.60Z","116.0"
"2020-02-25T12:11:29.70Z","583.0"
"2020-02-25T12:11:29.160Z","3540.0"
"2020-02-25T12:11:29.170Z","114.0"
"2020-02-25T12:11:29.170Z","582.0"
"2020-02-25T12:11:29.200Z","114.0"
"2020-02-25T12:11:29.200Z","582.0"
"2020-02-25T12:11:29.250Z","114.0"
"2020-02-25T12:11:29.250Z","582.0"
"2020-02-25T12:11:29.290Z","116.0"
"2020-02-25T12:11:29.300Z","583.0"
"2020-02-25T12:11:29.400Z","116.0"
"2020-02-25T12:11:29.410Z","583.0"
"2020-02-25T12:11:29.430Z","116.0"
"2020-02-25T12:11:29.440Z","583.0"
"2020-02-25T12:11:29.530Z","114.0"
"2020-02-25T12:11:29.530Z","581.0"
"2020-02-25T12:11:29.560Z","114.0"
"2020-02-25T12:11:29.560Z","582.0"
"2020-02-25T12:11:29.640Z","116.0"
"2020-02-25T12:11:29.660Z","583.0"
"2020-02-25T12:11:29.670Z","114.0"
"2020-02-25T12:11:29.670Z","582.0"
"2020-02-25T12:11:29.760Z","124.0"
"2020-02-25T12:11:29.760Z","587.0"
"2020-02-25T12:11:29.790Z","122.0"
"2020-02-25T12:11:29.800Z","586.0"
"2020-02-25T12:11:29.890Z","124.0"
"2020-02-25T12:11:29.900Z","587.0"
"2020-02-25T12:11:29.900Z","182.0"
"2020-02-25T12:11:29.910Z","587.0"
"2020-02-25T12:11:30.50Z","120.0"
"2020-02-25T12:11:30.60Z","585.0"
"2020-02-25T12:11:30.90Z","120.0"
"2020-02-25T12:11:30.90Z","585.0"
"2020-02-25T12:11:30.370Z","172.0"
"2020-02-25T12:11:30.380Z","2649.0"
"2020-02-25T12:11:30.610Z","744.0"
"2020-02-25T12:11:30.640Z","299.0"
"2020-02-25T12:11:30.650Z","991.0"
"2020-02-25T12:11:30.850Z","130.0"
"2020-02-25T12:11:30.860Z","4736.0"
"2020-02-25T12:11:36.390Z","565.0"
"2020-02-25T12:11:36.410Z","1212.0"
"2020-02-25T12:11:38.130Z","225.0"
"2020-02-25T12:11:38.180Z","2654.0"
"2020-02-25T12:11:39.750Z","312.0"
"2020-02-25T12:11:39.880Z","312.0"
"2020-02-25T12:11:40.160Z","134.0"
"2020-02-25T12:11:40.160Z","2694.0"
"2020-02-25T12:11:40.300Z","130.0"
"2020-02-25T12:11:40.300Z","611.0"
"2020-02-25T12:11:40.330Z","213.0"
"2020-02-25T12:11:40.420Z","27242.0"
"2020-02-25T12:11:41.470Z","3271.0"
"2020-02-25T12:11:41.520Z","142.0"
"2020-02-25T12:11:41.540Z","2796.0"
"2020-02-25T12:11:41.630Z","25041.0"
"2020-02-25T12:11:41.740Z","2108.0"
"2020-02-25T12:11:49.620Z","213.0"
"2020-02-25T12:11:49.650Z","1427.0"
"2020-02-25T12:11:53.700Z","116.0"
"2020-02-25T12:11:53.780Z","142.0"
"2020-02-25T12:11:53.790Z","1255.0"
"2020-02-25T12:11:59.140Z","122.0"
"2020-02-25T12:11:59.140Z","692.0"
"2020-02-25T12:11:59.140Z","2003.0"
"2020-02-25T12:11:59.230Z","541.0"
"2020-02-25T12:11:59.230Z","541.0"
"2020-02-25T12:11:59.240Z","120.0"
"2020-02-25T12:11:59.250Z","116.0"
"2020-02-25T12:11:59.250Z","22122.0"
"2020-02-25T12:11:59.680Z","132.0"
"2020-02-25T12:11:59.690Z","5229.0"
"2020-02-25T12:11:59.860Z","126.0"
"2020-02-25T12:11:59.860Z","7400.0"
"2020-02-25T12:11:59.870Z","5632.0"
"2020-02-25T12:11:59.960Z","122.0"
"2020-02-25T12:11:59.960Z","5405.0"
"2020-02-25T12:11:59.970Z","120.0"
"2020-02-25T12:11:59.980Z","6530.0"
"2020-02-25T12:12:00.790Z","586.0"
"2020-02-25T12:12:00.900Z","224.0"
"2020-02-25T12:12:01.30Z","124.0"
"2020-02-25T12:12:02.200Z","602.0"
"2020-02-25T12:12:03.510Z","134.0"
"2020-02-25T12:12:03.530Z","177.0"
"2020-02-25T12:12:03.650Z","1593.0"
"2020-02-25T12:12:03.890Z","216.0"
"2020-02-25T12:12:03.940Z","3204.0"
"2020-02-25T12:12:03.940Z","1020.0"
"2020-02-25T12:12:04.210Z","927.0"
"2020-02-25T12:12:04.220Z","989.0"
"2020-02-25T12:12:04.220Z","751.0"
"2020-02-25T12:12:04.250Z","2456.0"
"2020-02-25T12:12:04.300Z","4379.0"
"2020-02-25T12:12:04.300Z","942.0"
"2020-02-25T12:12:04.350Z","690.0"
"2020-02-25T12:12:04.380Z","1251.0"
"2020-02-25T12:12:04.390Z","118.0"
"2020-02-25T12:12:04.400Z","1718.0"
"2020-02-25T12:12:04.620Z","769.0"
"2020-02-25T12:12:04.770Z","771.0"
"2020-02-25T12:12:04.780Z","769.0"
"2020-02-25T12:12:04.780Z","771.0"
"2020-02-25T12:12:04.820Z","769.0"
"2020-02-25T12:12:04.820Z","771.0"
"2020-02-25T12:12:04.830Z","1623.0"
"2020-02-25T12:12:04.920Z","140.0"
"2020-02-25T12:12:04.920Z","2182.0"
"2020-02-25T12:12:04.930Z","308.0"
"2020-02-25T12:12:04.990Z","861.0"
"2020-02-25T12:12:05.0Z","2099.0"
"2020-02-25T12:12:05.120Z","2087.0"
"2020-02-25T12:12:05.150Z","282.0"
"2020-02-25T12:12:05.160Z","5439.0"
"2020-02-25T12:12:05.180Z","1663.0"
"2020-02-25T12:12:05.360Z","7186.0"
"2020-02-25T12:12:05.420Z","168.0"
"2020-02-25T12:12:05.440Z","180.0"
"2020-02-25T12:12:05.550Z","8661.0"
"2020-02-25T12:12:05.570Z","1418.0"
"2020-02-25T12:12:05.580Z","937.0"
"2020-02-25T12:12:05.620Z","134.0"
"2020-02-25T12:12:05.630Z","305.0"
"2020-02-25T12:12:05.640Z","580.0"
"2020-02-25T12:12:05.660Z","695.0"
"2020-02-25T12:12:05.670Z","760.0"
"2020-02-25T12:12:05.680Z","654.0"
"2020-02-25T12:12:05.750Z","126.0"
"2020-02-25T12:12:05.750Z","142.0"
"2020-02-25T12:12:05.760Z","586.0"
"2020-02-25T12:12:05.760Z","538.0"
"2020-02-25T12:12:05.850Z","547.0"
"2020-02-25T12:12:07.680Z","138.0"
"2020-02-25T12:12:07.690Z","307.0"
"2020-02-25T12:12:07.700Z","1646.0"
"2020-02-25T12:12:07.810Z","586.0"
"2020-02-25T12:12:07.900Z","723.0"
"2020-02-25T12:12:07.900Z","122.0"
"2020-02-25T12:12:07.900Z","763.0"
"2020-02-25T12:12:07.900Z","767.0"
"2020-02-25T12:12:07.900Z","726.0"
"2020-02-25T12:12:07.900Z","742.0"
"2020-02-25T12:12:07.900Z","725.0"
"2020-02-25T12:12:07.900Z","259.0"
"2020-02-25T12:12:07.910Z","27685.0"
"2020-02-25T12:12:07.930Z","727.0"
"2020-02-25T12:12:07.930Z","728.0"
"2020-02-25T12:12:07.940Z","725.0"
"2020-02-25T12:12:07.950Z","726.0"
"2020-02-25T12:12:07.950Z","726.0"
"2020-02-25T12:12:07.960Z","727.0"
"2020-02-25T12:12:07.970Z","767.0"
"2020-02-25T12:12:07.980Z","766.0"
"2020-02-25T12:12:07.980Z","765.0"
"2020-02-25T12:12:07.990Z","729.0"
"2020-02-25T12:12:08.230Z","743.0"
"2020-02-25T12:12:08.270Z","792.0"
"2020-02-25T12:12:08.280Z","710.0"
"2020-02-25T12:12:08.300Z","412.0"
"2020-02-25T12:12:08.300Z","192.0"
"2020-02-25T12:12:08.300Z","130.0"
"2020-02-25T12:12:08.310Z","6152.0"
"2020-02-25T12:12:08.350Z","616.0"
"2020-02-25T12:12:08.790Z","132.0"
"2020-02-25T12:12:08.800Z","12836.0"
"2020-02-25T12:12:10.180Z","118.0"
"2020-02-25T12:12:10.190Z","114.0"
"2020-02-25T12:12:10.190Z","297.0"
"2020-02-25T12:12:10.200Z","8096.0"
"2020-02-25T12:12:10.200Z","7759.0"
"2020-02-25T12:12:10.210Z","690.0"
"2020-02-25T12:12:10.220Z","688.0"
"2020-02-25T12:12:10.340Z","545.0"
"2020-02-25T12:12:10.340Z","543.0"
"2020-02-25T12:12:10.680Z","832.0"
"2020-02-25T12:12:10.840Z","1622.0"
"2020-02-25T12:12:15.810Z","140.0"
"2020-02-25T12:12:15.820Z","308.0"
"2020-02-25T12:12:15.820Z","3071.0"
"2020-02-25T12:12:18.590Z","122843.0"
"2020-02-25T12:12:18.590Z","276.0"
"2020-02-25T12:12:18.600Z","4190.0"
"2020-02-25T12:12:19.770Z","138.0"
"2020-02-25T12:12:19.780Z","307.0"
"2020-02-25T12:12:19.790Z","580.0"
"2020-02-25T12:12:20.910Z","116.0"
"2020-02-25T12:12:28.350Z","5720.0"
"2020-02-25T12:12:28.440Z","195.0"
"2020-02-25T12:12:28.520Z","2284.0"
"2020-02-25T12:12:28.560Z","2975.0"
"2020-02-25T12:12:29.260Z","210.0"
"2020-02-25T12:12:29.340Z","140.0"
"2020-02-25T12:12:29.340Z","140.0"
"2020-02-25T12:12:29.380Z","224.0"
"2020-02-25T12:12:29.390Z","116.0"
"2020-02-25T12:12:29.410Z","255.0"
"2020-02-25T12:12:29.470Z","170.0"
"2020-02-25T12:12:29.470Z","170.0"
"2020-02-25T12:12:29.480Z","13016.0"
"2020-02-25T12:12:29.480Z","126.0"
"2020-02-25T12:12:29.490Z","28236.0"
"2020-02-25T12:12:42.760Z","1270.0"
"2020-02-25T12:12:42.760Z","1302.0"
"2020-02-25T12:12:44.530Z","6743.0"
"2020-02-25T12:12:45.320Z","228.0"
"2020-02-25T12:12:45.370Z","7055.0"
"2020-02-25T12:12:46.40Z","5306.0"
"2020-02-25T12:12:46.370Z","2812.0"
"2020-02-25T12:12:48.250Z","1390.0"
"2020-02-25T12:13:02.940Z","136.0"
"2020-02-25T12:13:02.950Z","306.0"
"2020-02-25T12:13:16.640Z","183.0"
"2020-02-25T12:13:16.690Z","260.0"
"2020-02-25T12:13:17.410Z","1832.0"
"2020-02-25T12:13:31.710Z","260.0"
"2020-02-25T12:13:35.820Z","216.0"
"2020-02-25T12:13:35.870Z","603.0"
"2020-02-25T12:13:41.490Z","116.0"
"2020-02-25T12:13:41.500Z","8181.0"
"2020-02-25T12:13:41.610Z","544.0"
"2020-02-25T12:13:41.680Z","132.0"
"2020-02-25T12:13:41.680Z","374.0"
"2020-02-25T12:13:41.700Z","4896.0"
"2020-02-25T12:13:41.700Z","1498.0"
"2020-02-25T12:13:44.600Z","602.0"
"2020-02-25T12:13:45.850Z","189.0"
"2020-02-25T12:13:45.890Z","301.0"
"2020-02-25T12:13:45.900Z","1774.0"
"2020-02-25T12:13:45.990Z","538.0"
"2020-02-25T12:13:46.150Z","126.0"
"2020-02-25T12:13:46.150Z","301.0"
"2020-02-25T12:13:46.160Z","1654.0"
"2020-02-25T12:13:46.280Z","544.0"
"2020-02-25T12:13:46.470Z","189.0"
"2020-02-25T12:13:46.530Z","301.0"
"2020-02-25T12:13:46.530Z","2017.0"
"2020-02-25T12:13:46.660Z","177.0"
"2020-02-25T12:13:46.710Z","297.0"
"2020-02-25T12:13:46.720Z","4905.0"
"2020-02-25T12:13:50.130Z","140.0"
"2020-02-25T12:13:50.140Z","308.0"
"2020-02-25T12:13:50.140Z","5861.0"
"2020-02-25T12:13:50.150Z","1789.0"
"2020-02-25T12:13:50.160Z","8996.0"
"2020-02-25T12:13:50.230Z","544.0"
"2020-02-25T12:13:50.390Z","154.0"
"2020-02-25T12:13:50.410Z","1372.0"
"2020-02-25T12:13:50.470Z","1088.0"
"2020-02-25T12:13:51.100Z","3296.0"
"2020-02-25T12:13:55.680Z","2718.0"
"2020-02-25T12:13:58.330Z","17722.0"
"2020-02-25T12:13:58.430Z","619.0"
"2020-02-25T12:13:58.440Z","619.0"
"2020-02-25T12:13:58.440Z","635.0"
"2020-02-25T12:13:58.440Z","635.0"
"2020-02-25T12:13:58.440Z","6414.0"
"2020-02-25T12:13:58.450Z","619.0"
"2020-02-25T12:13:58.700Z","112.0"
"2020-02-25T12:13:58.710Z","294.0"
"2020-02-25T12:13:58.710Z","1536.0"
"2020-02-25T12:13:58.720Z","231.0"
"2020-02-25T12:13:58.770Z","1060.0"
"2020-02-25T12:13:58.870Z","130.0"
"2020-02-25T12:13:58.880Z","1372.0"
"2020-02-25T12:13:58.940Z","124.0"
"2020-02-25T12:13:58.950Z","2379.0"
"2020-02-25T12:13:59.0Z","1152.0"
"2020-02-25T12:13:59.100Z","154.0"
"2020-02-25T12:13:59.120Z","2965.0"
"2020-02-25T12:13:59.300Z","1456.0"
"2020-02-25T12:13:59.400Z","3131.0"
"2020-02-25T12:13:59.510Z","189.0"
"2020-02-25T12:13:59.540Z","1456.0"
"2020-02-25T12:13:59.630Z","689.0"
"2020-02-25T12:13:59.710Z","900.0"
"2020-02-25T12:13:59.760Z","144.0"
"2020-02-25T12:13:59.770Z","1266.0"
"2020-02-25T12:13:59.850Z","299.0"
"2020-02-25T12:13:59.860Z","47979.0"
"2020-02-25T12:13:59.860Z","3738.0"
"2020-02-25T12:14:00.700Z","150.0"
"2020-02-25T12:14:00.710Z","4975.0"
"2020-02-25T12:14:01.250Z","154.0"
"2020-02-25T12:14:01.260Z","77438.0"
"2020-02-25T12:14:02.150Z","132.0"
"2020-02-25T12:14:02.160Z","4607.0"
"2020-02-25T12:14:02.280Z","3548.0"
"2020-02-25T12:14:03.560Z","655.0"
"2020-02-25T12:14:10.820Z","120.0"
"2020-02-25T12:14:10.820Z","31387.0"
"2020-02-25T12:14:10.830Z","116.0"
"2020-02-25T12:14:10.850Z","132.0"
"2020-02-25T12:14:10.870Z","8337.0"
"2020-02-25T12:14:10.880Z","657.0"
"2020-02-25T12:14:11.110Z","126.0"
"2020-02-25T12:14:11.130Z","2812.0"
"2020-02-25T12:14:11.750Z","4505.0"
"2020-02-25T12:14:16.10Z","112.0"
"2020-02-25T12:14:16.30Z","16423.0"
"2020-02-25T12:14:16.320Z","144.0"
"2020-02-25T12:14:16.320Z","144.0"
"2020-02-25T12:14:16.340Z","4960.0"
"2020-02-25T12:14:16.340Z","4943.0"
"2020-02-25T12:14:16.420Z","130.0"
"2020-02-25T12:14:16.420Z","3872.0"
"2020-02-25T12:14:18.430Z","4534.0"
"2020-02-25T12:14:21.510Z","3007.0"
"2020-02-25T12:14:23.120Z","144.0"
"2020-02-25T12:14:23.130Z","14713.0"
"2020-02-25T12:14:30.830Z","650.0"
"2020-02-25T12:14:31.930Z","118.0"
"2020-02-25T12:14:31.950Z","650.0"
"2020-02-25T12:14:31.950Z","76450.0"
"2020-02-25T12:14:32.20Z","536.0"
"2020-02-25T12:14:32.20Z","536.0"
"2020-02-25T12:14:32.80Z","3052.0"
"2020-02-25T12:14:33.80Z","116.0"
"2020-02-25T12:14:33.90Z","146.0"
"2020-02-25T12:14:33.110Z","5219.0"
"2020-02-25T12:14:33.150Z","132.0"
"2020-02-25T12:14:33.160Z","2832.0"
"2020-02-25T12:14:33.210Z","620.0"
"2020-02-25T12:14:33.360Z","4843.0"
"2020-02-25T12:14:33.370Z","106.0"
"2020-02-25T12:14:33.840Z","260.0"
"2020-02-25T12:14:33.890Z","174.0"
"2020-02-25T12:14:34.20Z","1976.0"
"2020-02-25T12:14:34.580Z","812.0"
"2020-02-25T12:14:34.780Z","124.0"
"2020-02-25T12:14:34.780Z","537.0"
"2020-02-25T12:14:35.850Z","656.0"
"2020-02-25T12:14:35.850Z","656.0"
"2020-02-25T12:14:35.850Z","656.0"
"2020-02-25T12:14:35.850Z","656.0"
"2020-02-25T12:14:35.850Z","656.0"
"2020-02-25T12:14:35.850Z","2644.0"
"2020-02-25T12:14:36.0Z","536.0"
"2020-02-25T12:14:36.0Z","536.0"
"2020-02-25T12:14:36.0Z","576.0"
"2020-02-25T12:14:36.0Z","536.0"
"2020-02-25T12:14:36.0Z","536.0"
"2020-02-25T12:14:36.10Z","536.0"
"2020-02-25T12:14:36.20Z","2194.0"
"2020-02-25T12:14:36.170Z","666.0"
"2020-02-25T12:14:36.170Z","666.0"
"2020-02-25T12:14:36.170Z","666.0"
"2020-02-25T12:14:36.180Z","666.0"
"2020-02-25T12:14:36.180Z","3802.0"
"2020-02-25T12:14:37.530Z","301.0"
"2020-02-25T12:14:37.530Z","1653.0"
"2020-02-25T12:14:37.840Z","744.0"
"2020-02-25T12:14:37.880Z","301.0"
"2020-02-25T12:14:37.890Z","2017.0"
"2020-02-25T12:14:45.840Z","144.0"
"2020-02-25T12:14:45.850Z","310.0"
"2020-02-25T12:14:45.860Z","1710.0"
"2020-02-25T12:14:45.990Z","132.0"
"2020-02-25T12:14:45.990Z","304.0"
"2020-02-25T12:14:46.0Z","1698.0"
"2020-02-25T12:14:46.140Z","130.0"
"2020-02-25T12:14:46.160Z","303.0"
"2020-02-25T12:14:46.160Z","1659.0"
"2020-02-25T12:15:02.590Z","744.0"
"2020-02-25T12:15:02.610Z","301.0"
"2020-02-25T12:15:02.620Z","1654.0"
"2020-02-25T12:15:02.840Z","307.0"
"2020-02-25T12:15:02.850Z","396.0"
"2020-02-25T12:15:02.880Z","330.0"
"2020-02-25T12:15:02.910Z","184.0"
"2020-02-25T12:15:02.930Z","396.0"
"2020-02-25T12:15:02.960Z","330.0"
"2020-02-25T12:15:02.980Z","184.0"
"2020-02-25T12:15:05.950Z","148.0"
"2020-02-25T12:15:05.950Z","204.0"
"2020-02-25T12:15:05.960Z","312.0"
"2020-02-25T12:15:05.970Z","521.0"
"2020-02-25T12:15:05.970Z","522.0"
"2020-02-25T12:15:06.10Z","306.0"
"2020-02-25T12:15:06.10Z","462.0"
"2020-02-25T12:15:16.760Z","4393.0"
"2020-02-25T12:15:18.300Z","1849.0"
"2020-02-25T12:15:18.500Z","715.0"
"2020-02-25T12:15:18.560Z","5397.0"
"2020-02-25T12:15:18.580Z","144.0"
"2020-02-25T12:15:18.590Z","1215.0"
"2020-02-25T12:15:18.760Z","55228.0"
"2020-02-25T12:15:18.920Z","947.0"
"2020-02-25T12:15:19.30Z","602.0"
"2020-02-25T12:15:19.900Z","116.0"
"2020-02-25T12:15:19.910Z","3256.0"
"2020-02-25T12:15:20.50Z","228.0"
"2020-02-25T12:15:20.140Z","2801.0"
"2020-02-25T12:15:20.180Z","475.0"
"2020-02-25T12:15:20.190Z","114.0"
"2020-02-25T12:15:20.200Z","14896.0"
"2020-02-25T12:15:20.230Z","134.0"
"2020-02-25T12:15:20.230Z","146.0"
"2020-02-25T12:15:20.240Z","305.0"
"2020-02-25T12:15:20.250Z","1500.0"
"2020-02-25T12:15:20.250Z","2707.0"
"2020-02-25T12:15:20.260Z","618.0"
"2020-02-25T12:15:20.290Z","6550.0"
"2020-02-25T12:15:20.300Z","618.0"
"2020-02-25T12:15:20.330Z","548.0"
"2020-02-25T12:15:20.410Z","552.0"
"2020-02-25T12:15:20.420Z","538.0"
"2020-02-25T12:15:20.420Z","578.0"
"2020-02-25T12:15:20.470Z","580.0"
"2020-02-25T12:15:20.520Z","302.0"
"2020-02-25T12:15:20.520Z","822.0"
"2020-02-25T12:15:20.530Z","1042.0"
"2020-02-25T12:15:20.530Z","577.0"
"2020-02-25T12:15:20.540Z","500.0"
"2020-02-25T12:15:20.540Z","1002.0"
"2020-02-25T12:15:20.550Z","1042.0"
"2020-02-25T12:15:21.20Z","802.0"
"2020-02-25T12:15:21.40Z","320.0"
"2020-02-25T12:15:21.50Z","1859.0"
"2020-02-25T12:15:21.270Z","584.0"
"2020-02-25T12:15:21.570Z","267.0"
"2020-02-25T12:15:21.600Z","327.0"
"2020-02-25T12:15:21.610Z","57399.0"
"2020-02-25T12:15:21.610Z","947.0"
"2020-02-25T12:15:21.660Z","858.0"
"2020-02-25T12:15:21.660Z","858.0"
"2020-02-25T12:15:21.800Z","134.0"
"2020-02-25T12:15:21.800Z","305.0"
"2020-02-25T12:15:21.830Z","1109.0"
"2020-02-25T12:15:21.980Z","642.0"
"2020-02-25T12:15:23.820Z","144.0"
"2020-02-25T12:15:23.830Z","4643.0"
"2020-02-25T12:15:24.100Z","544.0"
"2020-02-25T12:15:24.750Z","396.0"
"2020-02-25T12:15:24.770Z","330.0"
"2020-02-25T12:15:24.790Z","184.0"
"2020-02-25T12:15:24.800Z","396.0"
"2020-02-25T12:15:24.820Z","330.0"
"2020-02-25T12:15:24.840Z","184.0"
"2020-02-25T12:15:24.850Z","1726.0"
"2020-02-25T12:15:24.930Z","130.0"
"2020-02-25T12:15:24.940Z","303.0"
"2020-02-25T12:15:24.940Z","2201.0"
"2020-02-25T12:15:27.250Z","9806.0"
"2020-02-25T12:15:27.380Z","544.0"
"2020-02-25T12:15:27.430Z","584.0"
"2020-02-25T12:15:30.0Z","11924.0"
"2020-02-25T12:15:32.630Z","3327.0"
"2020-02-25T12:15:33.10Z","546.0"
"2020-02-25T12:15:33.670Z","3667.0"
"2020-02-25T12:15:38.710Z","636.0"
"2020-02-25T12:15:51.370Z","156.0"
"2020-02-25T12:15:51.390Z","14121.0"
"2020-02-25T12:15:51.390Z","8305.0"
"2020-02-25T12:15:51.450Z","544.0"
"2020-02-25T12:15:51.450Z","544.0"
"2020-02-25T12:15:51.510Z","902.0"
"2020-02-25T12:15:52.90Z","267.0"
"2020-02-25T12:15:52.340Z","327.0"
"2020-02-25T12:15:52.350Z","1670.0"
"2020-02-25T12:15:52.650Z","2752.0"
"2020-02-25T12:15:52.840Z","267.0"
"2020-02-25T12:15:52.920Z","327.0"
"2020-02-25T12:15:52.930Z","29223.0"
"2020-02-25T12:15:52.940Z","3631.0"
"2020-02-25T12:15:52.940Z","6655.0"
"2020-02-25T12:15:52.950Z","3876.0"
"2020-02-25T12:15:52.950Z","23169.0"
"2020-02-25T12:15:54.130Z","3219.0"
"2020-02-25T12:15:57.220Z","1729.0"
"2020-02-25T12:15:58.170Z","2195.0"
"2020-02-25T12:15:58.420Z","2778.0"
"2020-02-25T12:15:58.430Z","2830.0"
"2020-02-25T12:15:58.790Z","782.0"
"2020-02-25T12:15:58.830Z","312.0"
"2020-02-25T12:15:58.840Z","518.0"
"2020-02-25T12:15:58.840Z","518.0"
"2020-02-25T12:15:58.870Z","1068.0"
"2020-02-25T12:15:58.890Z","517.0"
"2020-02-25T12:15:58.890Z","517.0"
"2020-02-25T12:15:58.920Z","518.0"
"2020-02-25T12:15:58.920Z","518.0"
"2020-02-25T12:15:58.960Z","518.0"
"2020-02-25T12:15:58.960Z","518.0"
"2020-02-25T12:15:59.20Z","518.0"
"2020-02-25T12:15:59.20Z","518.0"
"2020-02-25T12:16:06.20Z","124.0"
"2020-02-25T12:16:06.20Z","124.0"
"2020-02-25T12:16:06.40Z","3412.0"
"2020-02-25T12:16:06.220Z","124.0"
"2020-02-25T12:16:06.220Z","124.0"
"2020-02-25T12:16:19.710Z","731.0"
"2020-02-25T12:16:19.710Z","2129.0"
"2020-02-25T12:16:19.740Z","1014.0"
"2020-02-25T12:16:23.710Z","618.0"
"2020-02-25T12:16:24.160Z","116.0"
"2020-02-25T12:16:24.160Z","186.0"
"2020-02-25T12:16:24.200Z","983.0"
"2020-02-25T12:16:24.300Z","536.0"
"2020-02-25T12:16:24.330Z","1121.0"
"2020-02-25T12:16:24.380Z","1398.0"
"2020-02-25T12:16:24.420Z","122.0"
"2020-02-25T12:16:24.420Z","299.0"
"2020-02-25T12:16:24.430Z","544.0"
"2020-02-25T12:16:31.350Z","4573.0"
"2020-02-25T12:16:33.900Z","158.0"
"2020-02-25T12:16:33.900Z","1554.0"
"2020-02-25T12:16:47.640Z","156.0"
"2020-02-25T12:16:47.640Z","156.0"
"2020-02-25T12:16:47.640Z","158.0"
"2020-02-25T12:16:47.640Z","158.0"
"2020-02-25T12:16:47.640Z","156.0"
"2020-02-25T12:16:47.640Z","156.0"
"2020-02-25T12:16:47.650Z","176.0"
"2020-02-25T12:16:47.650Z","176.0"
"2020-02-25T12:16:47.650Z","154.0"
"2020-02-25T12:16:47.650Z","154.0"
"2020-02-25T12:16:47.660Z","154.0"
"2020-02-25T12:16:47.660Z","154.0"
"2020-02-25T12:16:47.660Z","152.0"
"2020-02-25T12:16:47.660Z","152.0"
"2020-02-25T12:16:47.670Z","156.0"
"2020-02-25T12:16:47.670Z","156.0"
"2020-02-25T12:16:47.680Z","152.0"
"2020-02-25T12:16:47.680Z","152.0"
"2020-02-25T12:16:47.680Z","160.0"
"2020-02-25T12:16:47.680Z","160.0"
"2020-02-25T12:16:47.710Z","224.0"
"2020-02-25T12:16:53.980Z","11917.0"
"2020-02-25T12:17:18.640Z","124.0"
"2020-02-25T12:17:18.860Z","124.0"
"2020-02-25T12:17:18.880Z","766.0"
"2020-02-25T12:17:18.880Z","1883.0"
"2020-02-25T12:17:19.460Z","126.0"
"2020-02-25T12:17:19.470Z","10989.0"
"2020-02-25T12:17:19.500Z","4220.0"
"2020-02-25T12:17:19.540Z","122.0"
"2020-02-25T12:17:19.560Z","299.0"
"2020-02-25T12:17:19.570Z","538.0"
"2020-02-25T12:17:20.220Z","3777.0"
"2020-02-25T12:17:20.270Z","168.0"
"2020-02-25T12:17:20.420Z","1796.0"
"2020-02-25T12:17:20.520Z","760.0"
"2020-02-25T12:17:20.590Z","267.0"
"2020-02-25T12:17:20.620Z","544.0"
"2020-02-25T12:17:20.620Z","544.0"
"2020-02-25T12:17:20.660Z","327.0"
"2020-02-25T12:17:20.670Z","4301.0"
"2020-02-25T12:17:20.700Z","5696.0"
"2020-02-25T12:17:21.120Z","225.0"
"2020-02-25T12:17:21.290Z","40421.0"
"2020-02-25T12:17:21.460Z","550.0"
"2020-02-25T12:17:21.820Z","120.0"
"2020-02-25T12:17:21.830Z","298.0"
"2020-02-25T12:17:21.830Z","1841.0"
"2020-02-25T12:17:22.220Z","584.0"
"2020-02-25T12:17:22.290Z","112.0"
"2020-02-25T12:17:22.290Z","1593.0"
"2020-02-25T12:17:22.400Z","186.0"
"2020-02-25T12:17:22.400Z","698.0"
"2020-02-25T12:17:22.430Z","120.0"
"2020-02-25T12:17:22.440Z","1297.0"
"2020-02-25T12:17:22.470Z","1166.0"
"2020-02-25T12:17:22.510Z","195.0"
"2020-02-25T12:17:22.570Z","303.0"
"2020-02-25T12:17:22.580Z","2296.0"
"2020-02-25T12:17:22.590Z","666.0"
"2020-02-25T12:17:22.630Z","546.0"
"2020-02-25T12:17:22.630Z","582.0"
"2020-02-25T12:17:23.10Z","195.0"
"2020-02-25T12:17:23.70Z","303.0"
"2020-02-25T12:17:23.80Z","1820.0"
"2020-02-25T12:17:23.150Z","585.0"
"2020-02-25T12:17:23.190Z","580.0"
"2020-02-25T12:17:23.190Z","3865.0"
"2020-02-25T12:17:23.410Z","189.0"
"2020-02-25T12:17:23.520Z","301.0"
"2020-02-25T12:17:25.330Z","23988.0"
"2020-02-25T12:17:25.590Z","2812.0"
"2020-02-25T12:17:27.500Z","1462.0"
"2020-02-25T12:17:28.670Z","140.0"
"2020-02-25T12:17:28.680Z","308.0"
"2020-02-25T12:17:28.720Z","4903.0"
"2020-02-25T12:17:34.140Z","122.0"
"2020-02-25T12:17:34.140Z","118.0"
"2020-02-25T12:17:34.140Z","122.0"
"2020-02-25T12:17:34.150Z","2812.0"
"2020-02-25T12:17:34.150Z","2812.0"
"2020-02-25T12:17:34.160Z","722.0"
"2020-02-25T12:17:35.0Z","10461.0"
"2020-02-25T12:17:35.190Z","890.0"
"2020-02-25T12:17:35.520Z","602.0"
"2020-02-25T12:17:36.70Z","186.0"
"2020-02-25T12:17:36.100Z","653.0"
"2020-02-25T12:17:36.100Z","26705.0"
"2020-02-25T12:17:36.190Z","580.0"
"2020-02-25T12:17:36.200Z","580.0"
"2020-02-25T12:17:36.930Z","132.0"
"2020-02-25T12:17:36.930Z","3519.0"
"2020-02-25T12:17:37.260Z","106.0"
"2020-02-25T12:17:37.290Z","130.0"
"2020-02-25T12:17:37.300Z","2343.0"
"2020-02-25T12:17:37.350Z","122.0"
"2020-02-25T12:17:37.360Z","299.0"
"2020-02-25T12:17:37.370Z","8170.0"
"2020-02-25T12:17:38.820Z","118.0"
"2020-02-25T12:17:38.830Z","114.0"
"2020-02-25T12:17:38.830Z","257.0"
"2020-02-25T12:17:38.840Z","3424.0"
"2020-02-25T12:17:38.840Z","5355.0"
"2020-02-25T12:17:40.270Z","640.0"
"2020-02-25T12:17:40.310Z","4795.0"
"2020-02-25T12:17:47.750Z","158.0"
"2020-02-25T12:17:47.750Z","158.0"
"2020-02-25T12:17:47.760Z","156.0"
"2020-02-25T12:17:47.760Z","156.0"
"2020-02-25T12:17:47.760Z","156.0"
"2020-02-25T12:17:47.760Z","156.0"
"2020-02-25T12:17:47.770Z","176.0"
"2020-02-25T12:17:47.770Z","176.0"
"2020-02-25T12:17:47.770Z","154.0"
"2020-02-25T12:17:47.770Z","154.0"
"2020-02-25T12:17:47.780Z","154.0"
"2020-02-25T12:17:47.780Z","154.0"
"2020-02-25T12:17:47.790Z","156.0"
"2020-02-25T12:17:47.790Z","152.0"
"2020-02-25T12:17:47.790Z","152.0"
"2020-02-25T12:17:47.800Z","160.0"
"2020-02-25T12:17:47.800Z","160.0"
"2020-02-25T12:17:47.830Z","224.0"
"2020-02-25T12:18:25.30Z","168.0"
"2020-02-25T12:18:25.40Z","138.0"
"2020-02-25T12:18:25.40Z","307.0"
"2020-02-25T12:18:25.50Z","2334.0"
"2020-02-25T12:18:25.70Z","4163.0"
"2020-02-25T12:18:25.80Z","3319.0"
"2020-02-25T12:18:25.100Z","2950.0"
"2020-02-25T12:18:25.110Z","1832.0"
"2020-02-25T12:18:25.170Z","582.0"
"2020-02-25T12:18:25.170Z","852.0"
"2020-02-25T12:18:25.170Z","852.0"
"2020-02-25T12:18:25.460Z","4181.0"
"2020-02-25T12:18:25.470Z","3777.0"
"2020-02-25T12:18:25.490Z","8601.0"
"2020-02-25T12:18:25.570Z","124.0"
"2020-02-25T12:18:25.580Z","5320.0"
"2020-02-25T12:18:25.600Z","228.0"
"2020-02-25T12:18:25.600Z","228.0"
"2020-02-25T12:18:25.630Z","314.0"
"2020-02-25T12:18:25.650Z","314.0"
"2020-02-25T12:18:25.650Z","404.0"
"2020-02-25T12:18:25.650Z","5584.0"
"2020-02-25T12:18:25.660Z","152.0"
"2020-02-25T12:18:25.670Z","225.0"
"2020-02-25T12:18:25.670Z","314.0"
"2020-02-25T12:18:25.680Z","158.0"
"2020-02-25T12:18:25.690Z","317.0"
"2020-02-25T12:18:25.710Z","313.0"
"2020-02-25T12:18:26.50Z","1680.0"
"2020-02-25T12:18:26.140Z","584.0"
"2020-02-25T12:18:26.240Z","3391.0"
"2020-02-25T12:18:26.860Z","138.0"
"2020-02-25T12:18:26.880Z","307.0"
"2020-02-25T12:18:26.890Z","180.0"
"2020-02-25T12:18:26.890Z","814.0"
"2020-02-25T12:18:26.950Z","6523.0"
"2020-02-25T12:18:27.70Z","582.0"
"2020-02-25T12:18:27.200Z","582.0"
"2020-02-25T12:18:27.700Z","453.0"
"2020-02-25T12:18:27.720Z","1885.0"
"2020-02-25T12:18:30.330Z","140.0"
"2020-02-25T12:18:30.330Z","116.0"
"2020-02-25T12:18:30.340Z","1778.0"
"2020-02-25T12:18:31.980Z","634.0"
"2020-02-25T12:18:50.220Z","303.0"
"2020-02-25T12:18:50.260Z","339.0"
"2020-02-25T12:18:50.270Z","43787.0"
"2020-02-25T12:18:50.590Z","896.0"
"2020-02-25T12:18:50.980Z","980.0"
"2020-02-25T12:18:51.550Z","144.0"
"2020-02-25T12:18:51.570Z","8809.0"
"2020-02-25T12:18:53.560Z","126.0"
"2020-02-25T12:18:53.570Z","10514.0"
"2020-02-25T12:18:57.130Z","811.0"
"2020-02-25T12:19:25.560Z","126.0"
"2020-02-25T12:19:25.570Z","5319.0"
"2020-02-25T12:19:25.590Z","614.0"
"2020-02-25T12:19:25.610Z","3384.0"
"2020-02-25T12:19:29.610Z","1462.0"
"2020-02-25T12:19:34.900Z","7182.0"
"2020-02-25T12:19:34.910Z","118.0"
"2020-02-25T12:19:34.930Z","683.0"
"2020-02-25T12:19:34.930Z","20733.0"
"2020-02-25T12:19:35.70Z","132.0"
"2020-02-25T12:19:35.80Z","304.0"
"2020-02-25T12:19:35.90Z","553.0"
"2020-02-25T12:19:35.90Z","553.0"
"2020-02-25T12:19:35.210Z","1406.0"
"2020-02-25T12:19:36.120Z","120.0"
"2020-02-25T12:19:36.140Z","603.0"
"2020-02-25T12:19:36.140Z","10376.0"
"2020-02-25T12:19:36.210Z","124.0"
"2020-02-25T12:19:36.220Z","533.0"
"2020-02-25T12:19:36.220Z","533.0"
"2020-02-25T12:19:36.380Z","132.0"
"2020-02-25T12:19:36.400Z","4879.0"
"2020-02-25T12:19:36.460Z","8360.0"
"2020-02-25T12:19:36.470Z","126.0"
"2020-02-25T12:19:36.480Z","5946.0"
"2020-02-25T12:19:37.170Z","130.0"
"2020-02-25T12:19:37.170Z","6721.0"
"2020-02-25T12:19:37.180Z","9843.0"
"2020-02-25T12:19:37.620Z","1406.0"
"2020-02-25T12:19:37.800Z","132.0"
"2020-02-25T12:19:37.810Z","264.0"
"2020-02-25T12:19:37.820Z","1710.0"
"2020-02-25T12:19:37.880Z","582.0"
"2020-02-25T12:19:38.270Z","3447.0"
"2020-02-25T12:19:38.280Z","4405.0"
"2020-02-25T12:19:38.290Z","112.0"
"2020-02-25T12:19:38.310Z","3215.0"
"2020-02-25T12:19:38.690Z","837.0"
"2020-02-25T12:19:39.110Z","124.0"
"2020-02-25T12:19:39.110Z","5271.0"
"2020-02-25T12:19:39.670Z","8360.0"
"2020-02-25T12:19:39.970Z","1479.0"
"2020-02-25T12:20:06.60Z","504.0"
"2020-02-25T12:20:06.90Z","727.0"
"2020-02-25T12:20:06.90Z","6363.0"
"2020-02-25T12:20:06.220Z","1492.0"
"2020-02-25T12:20:06.220Z","980.0"
"2020-02-25T12:20:06.300Z","202.0"
"2020-02-25T12:20:06.320Z","339.0"
"2020-02-25T12:20:06.330Z","11469.0"
"2020-02-25T12:20:08.70Z","2177.0"
"2020-02-25T12:20:08.90Z","1601.0"
"2020-02-25T12:20:08.110Z","2284.0"
"2020-02-25T12:20:08.960Z","23763.0"
"2020-02-25T12:20:37.870Z","8607.0"
"2020-02-25T12:20:38.380Z","112.0"
"2020-02-25T12:20:38.400Z","11810.0"
"2020-02-25T12:20:38.730Z","216.0"
"2020-02-25T12:20:38.770Z","11213.0"
"2020-02-25T12:20:38.930Z","132.0"
"2020-02-25T12:20:38.950Z","3463.0"
"2020-02-25T12:20:39.260Z","122.0"
"2020-02-25T12:20:39.270Z","2812.0"
"2020-02-25T12:20:39.270Z","126.0"
"2020-02-25T12:20:39.270Z","723.0"
"2020-02-25T12:20:39.280Z","299.0"
"2020-02-25T12:20:39.290Z","2812.0"
"2020-02-25T12:20:39.290Z","8173.0"
"2020-02-25T12:20:39.980Z","2812.0"
"2020-02-25T12:20:42.320Z","648.0"
"2020-02-25T12:20:42.600Z","228.0"
"2020-02-25T12:20:42.600Z","228.0"
"2020-02-25T12:20:42.640Z","314.0"
"2020-02-25T12:20:42.640Z","314.0"
"2020-02-25T12:20:42.650Z","314.0"
"2020-02-25T12:20:42.660Z","152.0"
"2020-02-25T12:20:42.660Z","781.0"
"2020-02-25T12:20:42.660Z","158.0"
"2020-02-25T12:20:42.670Z","314.0"
"2020-02-25T12:20:42.670Z","317.0"
"2020-02-25T12:20:42.690Z","313.0"
"2020-02-25T12:20:43.190Z","138.0"
"2020-02-25T12:20:43.210Z","307.0"
"2020-02-25T12:20:43.210Z","774.0"
"2020-02-25T12:20:43.290Z","120.0"
"2020-02-25T12:20:43.330Z","3557.0"
"2020-02-25T12:20:46.110Z","9100.0"
"2020-02-25T12:20:46.920Z","2000.0"
"2020-02-25T12:20:47.330Z","1180.0"
"2020-02-25T12:20:52.150Z","138.0"
"2020-02-25T12:20:52.160Z","2871.0"
"2020-02-25T12:20:52.210Z","642.0"
"2020-02-25T12:21:00.930Z","2754.0"
"2020-02-25T12:21:03.360Z","618.0"
"2020-02-25T12:21:03.360Z","2330.0"
"2020-02-25T12:21:03.490Z","715.0"
"2020-02-25T12:21:03.490Z","715.0"
"2020-02-25T12:21:03.500Z","635.0"
"2020-02-25T12:21:04.510Z","7112.0"
"2020-02-25T12:21:10.940Z","1522.0"
"2020-02-25T12:21:21.80Z","2860.0"
"2020-02-25T12:21:27.540Z","2092.0"
"2020-02-25T12:21:27.620Z","1360.0"
"2020-02-25T12:21:27.630Z","109864.0"
"2020-02-25T12:21:28.30Z","120.0"
"2020-02-25T12:21:28.40Z","258.0"
"2020-02-25T12:21:28.50Z","16755.0"
"2020-02-25T12:21:29.110Z","132.0"
"2020-02-25T12:21:29.120Z","134.0"
"2020-02-25T12:21:29.120Z","305.0"
"2020-02-25T12:21:29.140Z","2108.0"
"2020-02-25T12:21:29.140Z","1374.0"
"2020-02-25T12:21:29.160Z","618.0"
"2020-02-25T12:21:29.260Z","579.0"
"2020-02-25T12:21:29.260Z","537.0"
"2020-02-25T12:21:29.480Z","618.0"
"2020-02-25T12:21:50.930Z","1108.0"
"2020-02-25T12:21:59.140Z","4376.0"
"2020-02-25T12:21:59.150Z","1409.0"
"2020-02-25T12:22:03.290Z","142.0"
"2020-02-25T12:22:03.320Z","309.0"
"2020-02-25T12:22:03.340Z","4439.0"
"2020-02-25T12:22:03.400Z","618.0"
"2020-02-25T12:22:05.130Z","120.0"
"2020-02-25T12:22:05.140Z","5380.0"
"2020-02-25T12:22:05.750Z","132.0"
"2020-02-25T12:22:05.760Z","3502.0"
"2020-02-25T12:22:08.110Z","144.0"
"2020-02-25T12:22:08.130Z","3902.0"
"2020-02-25T12:22:20.850Z","116.0"
"2020-02-25T12:22:58.850Z","224.0"
"2020-02-25T12:23:05.130Z","635.0"
"2020-02-25T12:23:05.130Z","1174.0"
"2020-02-25T12:23:50.830Z","174.0"
"2020-02-25T12:23:50.990Z","154.0"
"2020-02-25T12:23:50.990Z","1372.0"
"2020-02-25T12:23:51.110Z","3296.0"
"2020-02-25T12:24:00.710Z","619.0"
"2020-02-25T12:24:00.720Z","635.0"
"2020-02-25T12:24:01.560Z","204.0"
"2020-02-25T12:24:01.850Z","306.0"
"2020-02-25T12:24:01.870Z","7249.0"
"2020-02-25T12:24:02.700Z","7249.0"
"2020-02-25T12:24:03.740Z","234.0"
"2020-02-25T12:24:03.740Z","267.0"
"2020-02-25T12:24:03.870Z","327.0"
"2020-02-25T12:24:03.880Z","1602.0"
"2020-02-25T12:24:04.100Z","222.0"
"2020-02-25T12:24:04.130Z","267.0"
"2020-02-25T12:24:04.210Z","327.0"
"2020-02-25T12:24:04.220Z","312.0"
"2020-02-25T12:24:04.250Z","730.0"
"2020-02-25T12:24:04.250Z","1758.0"
"2020-02-25T12:24:04.260Z","1196.0"
"2020-02-25T12:24:04.260Z","1694.0"
"2020-02-25T12:24:04.260Z","2184.0"
"2020-02-25T12:24:04.280Z","798.0"
"2020-02-25T12:24:04.400Z","1268.0"
"2020-02-25T12:24:14.240Z","77134.0"
"2020-02-25T12:24:14.360Z","237.0"
"2020-02-25T12:24:16.840Z","2260.0"
"2020-02-25T12:24:22.710Z","1627.0"
"2020-02-25T12:24:23.550Z","6860.0"
"2020-02-25T12:24:25.740Z","304.0"
"2020-02-25T12:24:25.740Z","1820.0"
"2020-02-25T12:24:25.770Z","1044.0"
"2020-02-25T12:24:25.880Z","297.0"
"2020-02-25T12:24:26.40Z","337.0"
"2020-02-25T12:24:26.50Z","1650.0"
"2020-02-25T12:24:26.620Z","122.0"
"2020-02-25T12:24:26.640Z","299.0"
"2020-02-25T12:24:26.650Z","546.0"
"2020-02-25T12:24:27.80Z","1816.0"
"2020-02-25T12:24:27.250Z","1800.0"
"2020-02-25T12:24:43.720Z","787.0"
"2020-02-25T12:24:43.720Z","619.0"
"2020-02-25T12:24:48.40Z","186.0"
"2020-02-25T12:24:48.50Z","132.0"
"2020-02-25T12:24:48.60Z","299.0"
"2020-02-25T12:24:48.70Z","2812.0"
"2020-02-25T12:24:48.70Z","126.0"
"2020-02-25T12:24:48.70Z","118.0"
"2020-02-25T12:24:48.70Z","8276.0"
"2020-02-25T12:24:48.100Z","12790.0"
"2020-02-25T12:24:49.720Z","4246.0"
"2020-02-25T12:24:49.930Z","106.0"
"2020-02-25T12:24:51.710Z","118.0"
"2020-02-25T12:24:51.710Z","114.0"
"2020-02-25T12:24:51.720Z","297.0"
"2020-02-25T12:24:51.730Z","168.0"
"2020-02-25T12:24:51.730Z","3938.0"
"2020-02-25T12:24:51.730Z","3423.0"
"2020-02-25T12:24:51.790Z","2047.0"
"2020-02-25T12:24:52.590Z","146.0"
"2020-02-25T12:24:52.600Z","3777.0"
"2020-02-25T12:24:53.670Z","132.0"
"2020-02-25T12:24:53.690Z","304.0"
"2020-02-25T12:24:53.690Z","7079.0"
"2020-02-25T12:25:20.60Z","1806.0"
"2020-02-25T12:25:20.160Z","126.0"
"2020-02-25T12:25:20.180Z","301.0"
"2020-02-25T12:25:20.190Z","1814.0"
"2020-02-25T12:25:20.220Z","1438.0"
"2020-02-25T12:25:20.350Z","297.0"
"2020-02-25T12:25:20.460Z","337.0"
"2020-02-25T12:25:20.470Z","1690.0"
"2020-02-25T12:25:29.750Z","116.0"
"2020-02-25T12:25:29.760Z","7103.0"
"2020-02-25T12:25:30.620Z","2141.0"
"2020-02-25T12:25:30.730Z","130.0"
"2020-02-25T12:25:30.760Z","303.0"
"2020-02-25T12:25:30.770Z","1789.0"
"2020-02-25T12:25:30.810Z","540.0"
"2020-02-25T12:25:30.880Z","1684.0"
"2020-02-25T12:25:58.700Z","120.0"
"2020-02-25T12:25:58.710Z","298.0"
"2020-02-25T12:25:58.760Z","6623.0"
"2020-02-25T12:25:59.620Z","154.0"
"2020-02-25T12:25:59.630Z","7855.0"
"2020-02-25T12:26:00.610Z","619.0"
"2020-02-25T12:26:07.440Z","150.0"
"2020-02-25T12:26:07.450Z","11667.0"
"2020-02-25T12:26:09.10Z","225.0"
"2020-02-25T12:26:09.160Z","7205.0"
"2020-02-25T12:26:09.400Z","1406.0"
"2020-02-25T12:26:14.60Z","116.0"
"2020-02-25T12:26:14.80Z","3337.0"
"2020-02-25T12:26:14.180Z","1424.0"
"2020-02-25T12:26:15.540Z","198.0"
"2020-02-25T12:26:15.730Z","304.0"
"2020-02-25T12:26:15.740Z","1660.0"
"2020-02-25T12:26:15.840Z","544.0"
"2020-02-25T12:26:15.920Z","1690.0"
"2020-02-25T12:26:16.40Z","1645.0"
"2020-02-25T12:26:17.510Z","89089.0"
"2020-02-25T12:26:17.630Z","2260.0"
"2020-02-25T12:26:24.610Z","1222.0"
"2020-02-25T12:26:26.270Z","2129.0"
"2020-02-25T12:26:26.360Z","210.0"
"2020-02-25T12:26:26.410Z","140.0"
"2020-02-25T12:26:26.410Z","140.0"
"2020-02-25T12:26:26.410Z","224.0"
"2020-02-25T12:26:26.430Z","116.0"
"2020-02-25T12:26:26.700Z","210.0"
"2020-02-25T12:26:26.810Z","130.0"
"2020-02-25T12:26:26.810Z","130.0"
"2020-02-25T12:26:26.870Z","140.0"
"2020-02-25T12:26:26.870Z","140.0"
"2020-02-25T12:26:26.920Z","1120.0"
"2020-02-25T12:26:27.220Z","140.0"
"2020-02-25T12:26:27.220Z","140.0"
"2020-02-25T12:26:27.230Z","17409.0"
"2020-02-25T12:26:28.350Z","201.0"
"2020-02-25T12:26:28.400Z","305.0"
"2020-02-25T12:26:28.410Z","1752.0"
"2020-02-25T12:26:28.450Z","544.0"
"2020-02-25T12:26:28.500Z","1988.0"
"2020-02-25T12:26:28.610Z","666.0"
"2020-02-25T12:26:28.630Z","2131.0"
"2020-02-25T12:27:10.560Z","2035.0"
"2020-02-25T12:27:13.440Z","1799.0"
"2020-02-25T12:27:13.520Z","297.0"
"2020-02-25T12:27:13.570Z","337.0"
"2020-02-25T12:27:13.760Z","1044.0"
"2020-02-25T12:27:14.260Z","1696.0"
"2020-02-25T12:27:25.320Z","2029.0"
"2020-02-25T12:27:25.380Z","195.0"
"2020-02-25T12:27:25.420Z","303.0"
"2020-02-25T12:27:57.320Z","2698.0"
"2020-02-25T12:27:58.400Z","1570.0"
"2020-02-25T12:28:01.40Z","172.0"
"2020-02-25T12:28:08.520Z","618.0"
"2020-02-25T12:28:09.850Z","156.0"
"2020-02-25T12:28:09.850Z","156.0"
"2020-02-25T12:28:09.850Z","158.0"
"2020-02-25T12:28:09.850Z","158.0"
"2020-02-25T12:28:09.850Z","176.0"
"2020-02-25T12:28:09.850Z","176.0"
"2020-02-25T12:28:09.850Z","156.0"
"2020-02-25T12:28:09.850Z","156.0"
"2020-02-25T12:28:09.860Z","154.0"
"2020-02-25T12:28:09.860Z","154.0"
"2020-02-25T12:28:09.860Z","154.0"
"2020-02-25T12:28:09.860Z","154.0"
"2020-02-25T12:28:09.870Z","152.0"
"2020-02-25T12:28:09.870Z","152.0"
"2020-02-25T12:28:09.880Z","156.0"
"2020-02-25T12:28:09.880Z","156.0"
"2020-02-25T12:28:09.880Z","152.0"
"2020-02-25T12:28:09.880Z","152.0"
"2020-02-25T12:28:09.890Z","160.0"
"2020-02-25T12:28:09.890Z","160.0"
"2020-02-25T12:28:09.920Z","224.0"
"2020-02-25T12:28:11.320Z","2516.0"
"2020-02-25T12:28:17.610Z","68770.0"
"2020-02-25T12:28:21.390Z","37944.0"
"2020-02-25T12:28:21.540Z","1953.0"
"2020-02-25T12:28:26.360Z","1683.0"
"2020-02-25T12:28:26.460Z","1719.0"
"2020-02-25T12:28:26.520Z","1986.0"
"2020-02-25T12:28:26.600Z","2059.0"
"2020-02-25T12:28:31.320Z","4847.0"
"2020-02-25T12:29:09.960Z","158.0"
"2020-02-25T12:29:09.960Z","158.0"
"2020-02-25T12:29:09.970Z","156.0"
"2020-02-25T12:29:09.970Z","156.0"
"2020-02-25T12:29:09.970Z","156.0"
"2020-02-25T12:29:09.970Z","156.0"
"2020-02-25T12:29:09.970Z","176.0"
"2020-02-25T12:29:09.970Z","176.0"
"2020-02-25T12:29:09.970Z","154.0"
"2020-02-25T12:29:09.970Z","154.0"
"2020-02-25T12:29:09.980Z","154.0"
"2020-02-25T12:29:09.980Z","154.0"
"2020-02-25T12:29:09.990Z","152.0"
"2020-02-25T12:29:09.990Z","152.0"
"2020-02-25T12:29:10.0Z","156.0"
"2020-02-25T12:29:10.0Z","156.0"
"2020-02-25T12:29:10.0Z","152.0"
"2020-02-25T12:29:10.0Z","152.0"
"2020-02-25T12:29:10.10Z","160.0"
"2020-02-25T12:29:10.10Z","160.0"
"2020-02-25T12:29:10.40Z","224.0"
"2020-02-25T12:29:45.530Z","126.0"
